class_label,precision,recall,f1,support
BLACK_202A,1.0,1.0,1.0,10
BLACK_202B,0.9091,1.0,0.9524,10
BLACK_202C,1.0,0.9,0.9474,10
BLACK_202D,0.8,0.8,0.8,10
BLACK_203A,1.0,1.0,1.0,10
BLACK_203B,1.0,1.0,1.0,10
BLACK_203C,1.0,1.0,1.0,10
BLACK_203D,0.9091,1.0,0.9524,10
BLUEGREEN_111A,0.8182,0.9,0.8571,10
BLUEGREEN_111B,0.5,0.2,0.2857,10
BLUEGREEN_111C,0.4615,0.6,0.5217,10
BLUEGREEN_111D,0.75,0.9,0.8182,10
BLUEGREEN_112A,0.7143,1.0,0.8333,10
BLUEGREEN_112B,1.0,0.6,0.75,10
BLUEGREEN_112C,0.7778,0.7,0.7368,10
BLUEGREEN_112D,0.8,0.8,0.8,10
BLUEGREEN_113A,1.0,0.9,0.9474,10
BLUEGREEN_113B,0.8889,0.8,0.8421,10
BLUEGREEN_113C,0.6364,0.7,0.6667,10
BLUEGREEN_113D,0.7273,0.8,0.7619,10
BLUEGREEN_114A,1.0,1.0,1.0,10
BLUEGREEN_114B,0.9091,1.0,0.9524,10
BLUEGREEN_114C,0.7,0.7,0.7,10
BLUEGREEN_114D,0.6667,0.8,0.7273,10
BLUEGREEN_115A,0.6429,0.9,0.75,10
BLUEGREEN_115B,0.8889,0.8,0.8421,10
BLUEGREEN_115C,1.0,0.9,0.9474,10
BLUEGREEN_115D,0.9,0.9,0.9,10
BLUEGREEN_116A,0.9091,1.0,0.9524,10
BLUEGREEN_116B,0.9091,1.0,0.9524,10
BLUEGREEN_116C,1.0,0.7,0.8235,10
BLUEGREEN_116D,0.7778,0.7,0.7368,10
BLUEGREEN_117A,0.8889,0.8,0.8421,10
BLUEGREEN_117B,0.8,0.8,0.8,10
BLUEGREEN_117C,0.5333,0.8,0.64,10
BLUEGREEN_117D,1.0,0.7,0.8235,10
BLUEGREEN_118A,1.0,1.0,1.0,10
BLUEGREEN_118B,1.0,1.0,1.0,10
BLUEGREEN_118C,0.8333,1.0,0.9091,10
BLUEGREEN_118D,0.875,0.7,0.7778,10
BLUEGREEN_119A,1.0,0.8,0.8889,10
BLUEGREEN_119B,0.9,0.9,0.9,10
BLUEGREEN_119C,0.7692,1.0,0.8696,10
BLUEGREEN_119D,0.8889,0.8,0.8421,10
BLUEGREEN_120A,0.8182,0.9,0.8571,10
BLUEGREEN_120B,0.875,0.7,0.7778,10
BLUEGREEN_120C,0.8182,0.9,0.8571,10
BLUEGREEN_120D,0.7692,1.0,0.8696,10
BLUEGREEN_121A,0.8333,1.0,0.9091,10
BLUEGREEN_121B,0.875,0.7,0.7778,10
BLUEGREEN_121C,1.0,0.7,0.8235,10
BLUEGREEN_121D,0.5833,0.7,0.6364,10
BLUEGREEN_122A,1.0,0.8,0.8889,10
BLUEGREEN_122B,0.6667,0.8,0.7273,10
BLUEGREEN_122C,0.75,0.9,0.8182,10
BLUEGREEN_122D,0.6,0.6,0.6,10
BLUEGREEN_123A,0.9091,1.0,0.9524,10
BLUEGREEN_123B,0.6923,0.9,0.7826,10
BLUEGREEN_123C,0.9091,1.0,0.9524,10
BLUEGREEN_123D,0.8182,0.9,0.8571,10
BLUEGREEN_124A,0.9091,1.0,0.9524,10
BLUEGREEN_124B,1.0,0.9,0.9474,10
BLUEGREEN_124C,1.0,0.7,0.8235,10
BLUEGREEN_124D,0.8,0.8,0.8,10
BLUE_100A,0.8333,1.0,0.9091,10
BLUE_100B,1.0,1.0,1.0,10
BLUE_100C,1.0,1.0,1.0,10
BLUE_100D,1.0,0.5,0.6667,10
BLUE_101A,0.9091,1.0,0.9524,10
BLUE_101B,1.0,1.0,1.0,10
BLUE_101C,1.0,0.7,0.8235,10
BLUE_101D,1.0,1.0,1.0,10
BLUE_102A,1.0,1.0,1.0,10
BLUE_102B,0.9091,1.0,0.9524,10
BLUE_102C,1.0,0.8,0.8889,10
BLUE_102D,0.9091,1.0,0.9524,10
BLUE_103A,1.0,1.0,1.0,10
BLUE_103B,1.0,0.9,0.9474,10
BLUE_103C,1.0,0.8,0.8889,10
BLUE_103D,0.8333,1.0,0.9091,10
BLUE_104A,0.75,0.9,0.8182,10
BLUE_104B,1.0,0.9,0.9474,10
BLUE_104C,0.9091,1.0,0.9524,10
BLUE_104D,1.0,0.8,0.8889,10
BLUE_105A,1.0,0.9,0.9474,10
BLUE_105B,0.875,0.7,0.7778,10
BLUE_105C,1.0,1.0,1.0,10
BLUE_105D,1.0,1.0,1.0,10
BLUE_106A,1.0,1.0,1.0,10
BLUE_106B,0.7143,1.0,0.8333,10
BLUE_106C,1.0,0.8,0.8889,10
BLUE_106D,0.6364,0.7,0.6667,10
BLUE_107A,1.0,0.6,0.75,10
BLUE_107B,0.9091,1.0,0.9524,10
BLUE_107C,1.0,0.7,0.8235,10
BLUE_107D,0.9091,1.0,0.9524,10
BLUE_108A,1.0,0.9,0.9474,10
BLUE_108B,0.75,0.9,0.8182,10
BLUE_108C,0.9091,1.0,0.9524,10
BLUE_108D,0.9091,1.0,0.9524,10
BLUE_110A,0.9,0.9,0.9,10
BLUE_110B,0.9,0.9,0.9,10
BLUE_110C,0.9091,1.0,0.9524,10
BLUE_110D,0.9091,1.0,0.9524,10
BLUE_99A,0.9091,1.0,0.9524,10
BLUE_99B,1.0,0.9,0.9474,10
BLUE_99C,0.8889,0.8,0.8421,10
BLUE_99D,1.0,0.9,0.9474,10
BLUE_N109A,0.9091,1.0,0.9524,10
BLUE_N109B,1.0,1.0,1.0,10
BLUE_N109C,1.0,1.0,1.0,10
BLUE_N109D,1.0,0.6,0.75,10
BROWN_200A,1.0,1.0,1.0,10
BROWN_200B,0.9091,1.0,0.9524,10
BROWN_200C,1.0,0.9,0.9474,10
BROWN_200D,1.0,1.0,1.0,10
GRAY_201A,0.9091,1.0,0.9524,10
GRAY_201B,0.9,0.9,0.9,10
GRAY_201C,0.8333,1.0,0.9091,10
GRAY_201D,1.0,1.0,1.0,10
GREENWHITE_157A,0.8,0.8,0.8,10
GREENWHITE_157B,1.0,0.7,0.8235,10
GREENWHITE_157C,0.8,0.8,0.8,10
GREENWHITE_157D,0.875,0.7,0.7778,10
GREENYELLOW_1A,0.9,0.9,0.9,10
GREENYELLOW_1B,0.9,0.9,0.9,10
GREENYELLOW_1C,0.8889,0.8,0.8421,10
GREENYELLOW_1D,1.0,0.7,0.8235,10
GREEN_125A,1.0,0.9,0.9474,10
GREEN_125B,0.9,0.9,0.9,10
GREEN_125C,0.9091,1.0,0.9524,10
GREEN_125D,0.9,0.9,0.9,10
GREEN_126A,0.7692,1.0,0.8696,10
GREEN_126B,1.0,0.9,0.9474,10
GREEN_126C,1.0,1.0,1.0,10
GREEN_126D,1.0,0.8,0.8889,10
GREEN_127A,1.0,0.9,0.9474,10
GREEN_127B,1.0,1.0,1.0,10
GREEN_127C,1.0,1.0,1.0,10
GREEN_127D,0.9,0.9,0.9,10
GREEN_128A,1.0,1.0,1.0,10
GREEN_128B,1.0,0.9,0.9474,10
GREEN_128C,0.7778,0.7,0.7368,10
GREEN_128D,0.8,0.8,0.8,10
GREEN_130A,1.0,1.0,1.0,10
GREEN_130B,0.8889,0.8,0.8421,10
GREEN_130C,0.9091,1.0,0.9524,10
GREEN_130D,0.8333,1.0,0.9091,10
GREEN_131A,1.0,1.0,1.0,10
GREEN_131B,1.0,1.0,1.0,10
GREEN_131C,1.0,1.0,1.0,10
GREEN_131D,1.0,1.0,1.0,10
GREEN_132A,1.0,1.0,1.0,10
GREEN_132B,1.0,1.0,1.0,10
GREEN_132C,1.0,1.0,1.0,10
GREEN_132D,1.0,0.8,0.8889,10
GREEN_133A,1.0,1.0,1.0,10
GREEN_133B,1.0,1.0,1.0,10
GREEN_133C,0.9091,1.0,0.9524,10
GREEN_133D,0.8333,1.0,0.9091,10
GREEN_134A,1.0,0.9,0.9474,10
GREEN_134B,1.0,1.0,1.0,10
GREEN_134C,0.9091,1.0,0.9524,10
GREEN_134D,0.9091,1.0,0.9524,10
GREEN_135A,1.0,1.0,1.0,10
GREEN_135B,1.0,1.0,1.0,10
GREEN_135C,0.9091,1.0,0.9524,10
GREEN_135D,1.0,0.9,0.9474,10
GREEN_136A,1.0,1.0,1.0,10
GREEN_136B,1.0,0.9,0.9474,10
GREEN_136C,0.9091,1.0,0.9524,10
GREEN_136D,1.0,1.0,1.0,10
GREEN_137A,1.0,1.0,1.0,10
GREEN_137B,1.0,0.9,0.9474,10
GREEN_137C,0.9091,1.0,0.9524,10
GREEN_137D,1.0,1.0,1.0,10
GREEN_138A,1.0,1.0,1.0,10
GREEN_138B,1.0,1.0,1.0,10
GREEN_138C,1.0,1.0,1.0,10
GREEN_138D,0.9,0.9,0.9,10
GREEN_139A,1.0,0.9,0.9474,10
GREEN_139B,1.0,1.0,1.0,10
GREEN_139C,0.9091,1.0,0.9524,10
GREEN_139D,1.0,0.8,0.8889,10
GREEN_140A,1.0,0.9,0.9474,10
GREEN_140B,1.0,1.0,1.0,10
GREEN_140C,1.0,1.0,1.0,10
GREEN_140D,0.9091,1.0,0.9524,10
GREEN_141A,1.0,1.0,1.0,10
GREEN_141B,1.0,1.0,1.0,10
GREEN_141C,1.0,0.9,0.9474,10
GREEN_141D,0.75,0.9,0.8182,10
GREEN_142A,1.0,0.9,0.9474,10
GREEN_142B,0.9,0.9,0.9,10
GREEN_142C,1.0,0.9,0.9474,10
GREEN_142D,1.0,0.8,0.8889,10
GREEN_143A,0.9091,1.0,0.9524,10
GREEN_143B,1.0,1.0,1.0,10
GREEN_143C,0.9091,1.0,0.9524,10
GREEN_143D,1.0,1.0,1.0,10
GREEN_N134A,1.0,1.0,1.0,10
GREEN_N134B,1.0,1.0,1.0,10
GREEN_N134C,1.0,1.0,1.0,10
GREEN_N134D,1.0,1.0,1.0,10
GREEN_N137A,1.0,1.0,1.0,10
GREEN_N137B,1.0,1.0,1.0,10
GREEN_N137C,1.0,1.0,1.0,10
GREEN_N137D,1.0,1.0,1.0,10
GREEN_N138A,0.8333,1.0,0.9091,10
GREEN_N138B,1.0,0.9,0.9474,10
GREEN_N138C,0.9,0.9,0.9,10
GREEN_N138D,1.0,1.0,1.0,10
GREYEDBROWN_199A,1.0,1.0,1.0,10
GREYEDBROWN_199B,1.0,1.0,1.0,10
GREYEDBROWN_199C,0.8889,0.8,0.8421,10
GREYEDBROWN_199D,1.0,0.8,0.8889,10
GREYEDBROWN_N199A,1.0,1.0,1.0,10
GREYEDBROWN_N199B,1.0,1.0,1.0,10
GREYEDBROWN_N199C,1.0,1.0,1.0,10
GREYEDBROWN_N199D,1.0,1.0,1.0,10
GREYEDGREEN_188A,1.0,0.9,0.9474,10
GREYEDGREEN_188B,0.9,0.9,0.9,10
GREYEDGREEN_188C,1.0,1.0,1.0,10
GREYEDGREEN_188D,0.8889,0.8,0.8421,10
GREYEDGREEN_189A,1.0,0.8,0.8889,10
GREYEDGREEN_189B,0.8333,1.0,0.9091,10
GREYEDGREEN_189C,0.9091,1.0,0.9524,10
GREYEDGREEN_189D,0.75,0.9,0.8182,10
GREYEDGREEN_190A,0.8889,0.8,0.8421,10
GREYEDGREEN_190B,1.0,1.0,1.0,10
GREYEDGREEN_190C,0.9,0.9,0.9,10
GREYEDGREEN_190D,0.8333,1.0,0.9091,10
GREYEDGREEN_191A,0.9,0.9,0.9,10
GREYEDGREEN_191B,0.9091,1.0,0.9524,10
GREYEDGREEN_191C,0.8182,0.9,0.8571,10
GREYEDGREEN_191D,0.75,0.9,0.8182,10
GREYEDGREEN_192A,0.6429,0.9,0.75,10
GREYEDGREEN_192B,0.9,0.9,0.9,10
GREYEDGREEN_192C,0.7,0.7,0.7,10
GREYEDGREEN_192D,0.6667,0.8,0.7273,10
GREYEDGREEN_193A,0.9,0.9,0.9,10
GREYEDGREEN_193B,0.7,0.7,0.7,10
GREYEDGREEN_193C,0.8889,0.8,0.8421,10
GREYEDGREEN_193D,0.9,0.9,0.9,10
GREYEDGREEN_194A,0.9091,1.0,0.9524,10
GREYEDGREEN_194B,1.0,1.0,1.0,10
GREYEDGREEN_194C,0.9091,1.0,0.9524,10
GREYEDGREEN_194D,1.0,0.7,0.8235,10
GREYEDGREEN_195A,0.9,0.9,0.9,10
GREYEDGREEN_195B,0.8889,0.8,0.8421,10
GREYEDGREEN_195C,1.0,0.8,0.8889,10
GREYEDGREEN_195D,0.7778,0.7,0.7368,10
GREYEDGREEN_196A,0.75,0.9,0.8182,10
GREYEDGREEN_196B,0.9,0.9,0.9,10
GREYEDGREEN_196C,0.7,0.7,0.7,10
GREYEDGREEN_196D,0.9,0.9,0.9,10
GREYEDGREEN_197A,1.0,0.9,0.9474,10
GREYEDGREEN_197B,0.6667,0.8,0.7273,10
GREYEDGREEN_197C,0.8,0.8,0.8,10
GREYEDGREEN_197D,1.0,1.0,1.0,10
GREYEDGREEN_198A,0.8889,0.8,0.8421,10
GREYEDGREEN_198B,0.9,0.9,0.9,10
GREYEDGREEN_198C,0.8889,0.8,0.8421,10
GREYEDGREEN_198D,0.75,0.6,0.6667,10
GREYEDGREEN_N189A,1.0,1.0,1.0,10
GREYEDGREEN_N189B,1.0,0.8,0.8889,10
GREYEDGREEN_N189C,0.9,0.9,0.9,10
GREYEDGREEN_N189D,0.8889,0.8,0.8421,10
GREYEDORANGE_163A,0.9091,1.0,0.9524,10
GREYEDORANGE_163B,1.0,1.0,1.0,10
GREYEDORANGE_163C,0.7273,0.8,0.7619,10
GREYEDORANGE_163D,1.0,0.9,0.9474,10
GREYEDORANGE_164A,1.0,0.9,0.9474,10
GREYEDORANGE_164B,0.8182,0.9,0.8571,10
GREYEDORANGE_164C,0.8,0.8,0.8,10
GREYEDORANGE_164D,1.0,1.0,1.0,10
GREYEDORANGE_165A,1.0,1.0,1.0,10
GREYEDORANGE_165B,1.0,1.0,1.0,10
GREYEDORANGE_165C,1.0,1.0,1.0,10
GREYEDORANGE_165D,0.9,0.9,0.9,10
GREYEDORANGE_166A,1.0,1.0,1.0,10
GREYEDORANGE_166B,0.9091,1.0,0.9524,10
GREYEDORANGE_166C,0.9091,1.0,0.9524,10
GREYEDORANGE_166D,1.0,0.9,0.9474,10
GREYEDORANGE_167A,0.9091,1.0,0.9524,10
GREYEDORANGE_167B,1.0,1.0,1.0,10
GREYEDORANGE_167C,1.0,0.8,0.8889,10
GREYEDORANGE_167D,1.0,0.7,0.8235,10
GREYEDORANGE_168A,1.0,0.9,0.9474,10
GREYEDORANGE_168B,1.0,1.0,1.0,10
GREYEDORANGE_168C,0.9091,1.0,0.9524,10
GREYEDORANGE_168D,1.0,1.0,1.0,10
GREYEDORANGE_169A,0.9091,1.0,0.9524,10
GREYEDORANGE_169B,1.0,1.0,1.0,10
GREYEDORANGE_169C,1.0,1.0,1.0,10
GREYEDORANGE_169D,1.0,1.0,1.0,10
GREYEDORANGE_170A,1.0,0.8,0.8889,10
GREYEDORANGE_170B,1.0,1.0,1.0,10
GREYEDORANGE_170C,0.8889,0.8,0.8421,10
GREYEDORANGE_170D,0.9091,1.0,0.9524,10
GREYEDORANGE_171A,1.0,0.9,0.9474,10
GREYEDORANGE_171B,0.9091,1.0,0.9524,10
GREYEDORANGE_171C,1.0,0.9,0.9474,10
GREYEDORANGE_171D,1.0,0.9,0.9474,10
GREYEDORANGE_172A,0.8182,0.9,0.8571,10
GREYEDORANGE_172B,0.7692,1.0,0.8696,10
GREYEDORANGE_172C,1.0,0.9,0.9474,10
GREYEDORANGE_172D,1.0,1.0,1.0,10
GREYEDORANGE_173A,0.9,0.9,0.9,10
GREYEDORANGE_173B,0.8889,0.8,0.8421,10
GREYEDORANGE_173C,0.8889,0.8,0.8421,10
GREYEDORANGE_173D,1.0,1.0,1.0,10
GREYEDORANGE_174A,1.0,0.7,0.8235,10
GREYEDORANGE_174B,0.9,0.9,0.9,10
GREYEDORANGE_174C,0.9091,1.0,0.9524,10
GREYEDORANGE_174D,0.9091,1.0,0.9524,10
GREYEDORANGE_175A,0.75,0.9,0.8182,10
GREYEDORANGE_175B,1.0,0.7,0.8235,10
GREYEDORANGE_175C,1.0,1.0,1.0,10
GREYEDORANGE_175D,1.0,1.0,1.0,10
GREYEDORANGE_176A,1.0,0.9,0.9474,10
GREYEDORANGE_176B,1.0,0.9,0.9474,10
GREYEDORANGE_176C,0.9091,1.0,0.9524,10
GREYEDORANGE_176D,1.0,1.0,1.0,10
GREYEDORANGE_177A,1.0,1.0,1.0,10
GREYEDORANGE_177B,0.9091,1.0,0.9524,10
GREYEDORANGE_177C,1.0,1.0,1.0,10
GREYEDORANGE_177D,1.0,1.0,1.0,10
GREYEDORANGE_N163A,1.0,1.0,1.0,10
GREYEDORANGE_N163B,1.0,1.0,1.0,10
GREYEDORANGE_N163C,1.0,1.0,1.0,10
GREYEDORANGE_N163D,0.9091,1.0,0.9524,10
GREYEDORANGE_N167A,1.0,1.0,1.0,10
GREYEDORANGE_N167B,1.0,1.0,1.0,10
GREYEDORANGE_N167C,1.0,0.9,0.9474,10
GREYEDORANGE_N167D,0.7692,1.0,0.8696,10
GREYEDORANGE_N170A,1.0,1.0,1.0,10
GREYEDORANGE_N170B,0.9091,1.0,0.9524,10
GREYEDORANGE_N170C,1.0,1.0,1.0,10
GREYEDORANGE_N170D,1.0,0.8,0.8889,10
GREYEDORANGE_N172A,0.9091,1.0,0.9524,10
GREYEDORANGE_N172B,1.0,1.0,1.0,10
GREYEDORANGE_N172C,1.0,1.0,1.0,10
GREYEDORANGE_N172D,1.0,1.0,1.0,10
GREYEDPURPLE_183A,1.0,1.0,1.0,10
GREYEDPURPLE_183B,1.0,1.0,1.0,10
GREYEDPURPLE_183C,1.0,1.0,1.0,10
GREYEDPURPLE_183D,0.9091,1.0,0.9524,10
GREYEDPURPLE_184A,0.9,0.9,0.9,10
GREYEDPURPLE_184B,1.0,1.0,1.0,10
GREYEDPURPLE_184C,1.0,1.0,1.0,10
GREYEDPURPLE_184D,1.0,1.0,1.0,10
GREYEDPURPLE_185A,1.0,0.9,0.9474,10
GREYEDPURPLE_185B,0.8333,1.0,0.9091,10
GREYEDPURPLE_185C,1.0,1.0,1.0,10
GREYEDPURPLE_185D,1.0,1.0,1.0,10
GREYEDPURPLE_187A,1.0,1.0,1.0,10
GREYEDPURPLE_187B,1.0,0.9,0.9474,10
GREYEDPURPLE_187C,1.0,1.0,1.0,10
GREYEDPURPLE_187D,1.0,0.9,0.9474,10
GREYEDPURPLE_N186A,1.0,0.9,0.9474,10
GREYEDPURPLE_N186B,1.0,1.0,1.0,10
GREYEDPURPLE_N186C,1.0,1.0,1.0,10
GREYEDPURPLE_N186D,1.0,1.0,1.0,10
GREYEDPURPLE_N187A,1.0,1.0,1.0,10
GREYEDPURPLE_N187B,1.0,0.9,0.9474,10
GREYEDPURPLE_N187C,1.0,0.9,0.9474,10
GREYEDPURPLE_N187D,0.8333,1.0,0.9091,10
GREYEDRED_178A,1.0,0.8,0.8889,10
GREYEDRED_178B,0.9,0.9,0.9,10
GREYEDRED_178C,1.0,0.9,0.9474,10
GREYEDRED_178D,1.0,1.0,1.0,10
GREYEDRED_179A,1.0,0.9,0.9474,10
GREYEDRED_179B,1.0,1.0,1.0,10
GREYEDRED_179C,1.0,1.0,1.0,10
GREYEDRED_179D,1.0,1.0,1.0,10
GREYEDRED_180A,0.9091,1.0,0.9524,10
GREYEDRED_180B,1.0,0.9,0.9474,10
GREYEDRED_180C,0.8333,1.0,0.9091,10
GREYEDRED_180D,1.0,0.9,0.9474,10
GREYEDRED_181A,0.8182,0.9,0.8571,10
GREYEDRED_181B,1.0,1.0,1.0,10
GREYEDRED_181C,0.8889,0.8,0.8421,10
GREYEDRED_181D,1.0,0.9,0.9474,10
GREYEDRED_182A,0.9091,1.0,0.9524,10
GREYEDRED_182B,0.8333,1.0,0.9091,10
GREYEDRED_182C,1.0,1.0,1.0,10
GREYEDRED_182D,0.8333,1.0,0.9091,10
GREYEDWHITE_156A,1.0,0.9,0.9474,10
GREYEDWHITE_156B,1.0,0.7,0.8235,10
GREYEDWHITE_156C,1.0,0.9,0.9474,10
GREYEDWHITE_156D,1.0,0.7,0.8235,10
GREYEDYELLOW_160A,0.9091,1.0,0.9524,10
GREYEDYELLOW_160B,0.9,0.9,0.9,10
GREYEDYELLOW_160C,1.0,0.9,0.9474,10
GREYEDYELLOW_160D,0.4375,0.7,0.5385,10
GREYEDYELLOW_161A,0.8182,0.9,0.8571,10
GREYEDYELLOW_161B,0.8889,0.8,0.8421,10
GREYEDYELLOW_161C,0.9091,1.0,0.9524,10
GREYEDYELLOW_161D,0.3333,0.1,0.1538,10
GREYEDYELLOW_162A,1.0,1.0,1.0,10
GREYEDYELLOW_162B,1.0,0.8,0.8889,10
GREYEDYELLOW_162C,0.8333,1.0,0.9091,10
GREYEDYELLOW_162D,1.0,1.0,1.0,10
ORANGERED_31A,0.8182,0.9,0.8571,10
ORANGERED_31B,1.0,1.0,1.0,10
ORANGERED_31C,0.9,0.9,0.9,10
ORANGERED_31D,0.8571,0.6,0.7059,10
ORANGERED_32A,0.9,0.9,0.9,10
ORANGERED_32B,1.0,1.0,1.0,10
ORANGERED_32C,0.875,0.7,0.7778,10
ORANGERED_32D,0.9,0.9,0.9,10
ORANGERED_33A,1.0,0.9,0.9474,10
ORANGERED_33B,1.0,0.8,0.8889,10
ORANGERED_33C,0.7143,1.0,0.8333,10
ORANGERED_33D,0.9,0.9,0.9,10
ORANGERED_34A,0.625,0.5,0.5556,10
ORANGERED_34B,0.2222,0.2,0.2105,10
ORANGERED_34C,0.6364,0.7,0.6667,10
ORANGERED_34D,0.5,0.6,0.5455,10
ORANGERED_35A,1.0,0.9,0.9474,10
ORANGERED_35B,0.875,0.7,0.7778,10
ORANGERED_35C,0.8889,0.8,0.8421,10
ORANGERED_35D,0.8,0.8,0.8,10
ORANGERED_N34A,0.5385,0.7,0.6087,10
ORANGERED_N34B,0.1818,0.2,0.1905,10
ORANGERED_N34C,0.6667,0.6,0.6316,10
ORANGERED_N34D,0.5,0.4,0.4444,10
ORANGEWHITE_159A,0.8333,1.0,0.9091,10
ORANGEWHITE_159B,0.9,0.9,0.9,10
ORANGEWHITE_159C,0.6667,0.8,0.7273,10
ORANGEWHITE_159D,0.8889,0.8,0.8421,10
ORANGE_24A,1.0,0.8,0.8889,10
ORANGE_24B,0.9,0.9,0.9,10
ORANGE_24C,0.7692,1.0,0.8696,10
ORANGE_24D,0.9091,1.0,0.9524,10
ORANGE_25A,0.5,0.6,0.5455,10
ORANGE_25B,0.4615,0.6,0.5217,10
ORANGE_25C,0.3333,0.2,0.25,10
ORANGE_25D,0.1667,0.2,0.1818,10
ORANGE_27A,1.0,1.0,1.0,10
ORANGE_27B,1.0,0.8,0.8889,10
ORANGE_27C,0.8333,1.0,0.9091,10
ORANGE_27D,0.9091,1.0,0.9524,10
ORANGE_28A,1.0,1.0,1.0,10
ORANGE_28B,1.0,0.9,0.9474,10
ORANGE_28C,0.7273,0.8,0.7619,10
ORANGE_28D,1.0,1.0,1.0,10
ORANGE_29A,1.0,1.0,1.0,10
ORANGE_29B,0.7778,0.7,0.7368,10
ORANGE_29C,0.8,0.8,0.8,10
ORANGE_29D,0.8889,0.8,0.8421,10
ORANGE_30A,0.4615,0.6,0.5217,10
ORANGE_30B,0.5455,0.6,0.5714,10
ORANGE_30C,0.4286,0.3,0.3529,10
ORANGE_30D,0.5,0.1,0.1667,10
ORANGE_N25A,0.5,0.4,0.4444,10
ORANGE_N25B,0.5714,0.4,0.4706,10
ORANGE_N25C,0.4375,0.7,0.5385,10
ORANGE_N25D,0.1111,0.1,0.1053,10
ORANGE_N30A,0.5,0.4,0.4444,10
ORANGE_N30B,0.7143,0.5,0.5882,10
ORANGE_N30C,0.5,0.7,0.5833,10
ORANGE_N30D,0.5,0.9,0.6429,10
PURPLEVIOLET_N80A,1.0,1.0,1.0,10
PURPLEVIOLET_N80B,1.0,1.0,1.0,10
PURPLEVIOLET_N80C,0.9091,1.0,0.9524,10
PURPLEVIOLET_N80D,1.0,0.8,0.8889,10
PURPLEVIOLET_N81A,1.0,1.0,1.0,10
PURPLEVIOLET_N81B,1.0,1.0,1.0,10
PURPLEVIOLET_N81C,1.0,0.9,0.9474,10
PURPLEVIOLET_N81D,1.0,0.8,0.8889,10
PURPLEVIOLET_N82A,1.0,1.0,1.0,10
PURPLEVIOLET_N82B,1.0,1.0,1.0,10
PURPLEVIOLET_N82C,1.0,1.0,1.0,10
PURPLEVIOLET_N82D,0.8333,1.0,0.9091,10
PURPLE_75A,1.0,0.9,0.9474,10
PURPLE_75B,0.9,0.9,0.9,10
PURPLE_75C,0.9091,1.0,0.9524,10
PURPLE_75D,0.7273,0.8,0.7619,10
PURPLE_76A,1.0,1.0,1.0,10
PURPLE_76B,1.0,1.0,1.0,10
PURPLE_76C,0.9091,1.0,0.9524,10
PURPLE_76D,0.9,0.9,0.9,10
PURPLE_77A,0.4211,0.8,0.5517,10
PURPLE_77B,0.5,0.3,0.375,10
PURPLE_77C,0.125,0.1,0.1111,10
PURPLE_77D,0.5455,0.6,0.5714,10
PURPLE_79A,0.0,0.0,0.0,10
PURPLE_79B,0.0,0.0,0.0,10
PURPLE_79C,0.4444,0.4,0.4211,10
PURPLE_79D,0.625,0.5,0.5556,10
PURPLE_N77A,0.0,0.0,0.0,10
PURPLE_N77B,0.5385,0.7,0.6087,10
PURPLE_N77C,0.3333,0.5,0.4,10
PURPLE_N77D,0.5556,0.5,0.5263,10
PURPLE_N78A,0.9091,1.0,0.9524,10
PURPLE_N78B,0.9091,1.0,0.9524,10
PURPLE_N78C,1.0,1.0,1.0,10
PURPLE_N78D,1.0,1.0,1.0,10
PURPLE_N79A,0.4737,0.9,0.6207,10
PURPLE_N79B,0.4737,0.9,0.6207,10
PURPLE_N79C,0.5,0.6,0.5455,10
PURPLE_N79D,0.5,0.6,0.5455,10
REDPURPLE_58A,1.0,1.0,1.0,10
REDPURPLE_58B,1.0,1.0,1.0,10
REDPURPLE_58C,1.0,1.0,1.0,10
REDPURPLE_58D,1.0,0.8,0.8889,10
REDPURPLE_59A,1.0,1.0,1.0,10
REDPURPLE_59B,1.0,1.0,1.0,10
REDPURPLE_59C,1.0,1.0,1.0,10
REDPURPLE_59D,1.0,1.0,1.0,10
REDPURPLE_60A,1.0,1.0,1.0,10
REDPURPLE_60B,1.0,1.0,1.0,10
REDPURPLE_60C,0.9,0.9,0.9,10
REDPURPLE_60D,1.0,1.0,1.0,10
REDPURPLE_61A,1.0,1.0,1.0,10
REDPURPLE_61B,1.0,0.9,0.9474,10
REDPURPLE_61C,1.0,0.9,0.9474,10
REDPURPLE_61D,0.9,0.9,0.9,10
REDPURPLE_62A,0.8889,0.8,0.8421,10
REDPURPLE_62B,0.6667,0.8,0.7273,10
REDPURPLE_62C,0.8333,0.5,0.625,10
REDPURPLE_62D,0.7143,0.5,0.5882,10
REDPURPLE_63A,0.9091,1.0,0.9524,10
REDPURPLE_63B,1.0,1.0,1.0,10
REDPURPLE_63C,0.8333,1.0,0.9091,10
REDPURPLE_63D,1.0,0.7,0.8235,10
REDPURPLE_64A,1.0,0.9,0.9474,10
REDPURPLE_64B,0.9091,1.0,0.9524,10
REDPURPLE_64C,0.9,0.9,0.9,10
REDPURPLE_64D,1.0,1.0,1.0,10
REDPURPLE_65A,0.75,0.9,0.8182,10
REDPURPLE_65B,0.8,0.8,0.8,10
REDPURPLE_65C,0.9091,1.0,0.9524,10
REDPURPLE_65D,0.7778,0.7,0.7368,10
REDPURPLE_67A,1.0,1.0,1.0,10
REDPURPLE_67B,0.9,0.9,0.9,10
REDPURPLE_67C,1.0,0.8,0.8889,10
REDPURPLE_67D,0.8889,0.8,0.8421,10
REDPURPLE_68A,0.8182,0.9,0.8571,10
REDPURPLE_68B,0.75,0.9,0.8182,10
REDPURPLE_68C,1.0,0.7,0.8235,10
REDPURPLE_68D,0.8182,0.9,0.8571,10
REDPURPLE_69A,0.6667,1.0,0.8,10
REDPURPLE_69B,0.875,0.7,0.7778,10
REDPURPLE_69C,0.75,0.9,0.8182,10
REDPURPLE_69D,0.8889,0.8,0.8421,10
REDPURPLE_70A,1.0,1.0,1.0,10
REDPURPLE_70B,1.0,0.9,0.9474,10
REDPURPLE_70C,0.75,0.9,0.8182,10
REDPURPLE_70D,0.6667,1.0,0.8,10
REDPURPLE_71A,1.0,0.9,0.9474,10
REDPURPLE_71B,0.9091,1.0,0.9524,10
REDPURPLE_71C,1.0,0.8,0.8889,10
REDPURPLE_71D,0.9,0.9,0.9,10
REDPURPLE_72A,0.8333,1.0,0.9091,10
REDPURPLE_72B,0.8889,0.8,0.8421,10
REDPURPLE_72C,1.0,0.9,0.9474,10
REDPURPLE_72D,0.9,0.9,0.9,10
REDPURPLE_73A,0.8,0.8,0.8,10
REDPURPLE_73B,1.0,0.8,0.8889,10
REDPURPLE_73C,0.8571,0.6,0.7059,10
REDPURPLE_73D,0.75,0.9,0.8182,10
REDPURPLE_N57A,1.0,1.0,1.0,10
REDPURPLE_N57B,1.0,0.9,0.9474,10
REDPURPLE_N57C,0.9091,1.0,0.9524,10
REDPURPLE_N57D,1.0,0.9,0.9474,10
REDPURPLE_N66A,1.0,1.0,1.0,10
REDPURPLE_N66B,1.0,1.0,1.0,10
REDPURPLE_N66C,0.75,0.9,0.8182,10
REDPURPLE_N66D,1.0,1.0,1.0,10
REDPURPLE_N74A,1.0,1.0,1.0,10
REDPURPLE_N74B,0.75,0.9,0.8182,10
REDPURPLE_N74C,1.0,0.7,0.8235,10
REDPURPLE_N74D,0.9,0.9,0.9,10
RED_36A,0.9,0.9,0.9,10
RED_36B,0.9,0.9,0.9,10
RED_36C,0.9,0.9,0.9,10
RED_36D,0.9091,1.0,0.9524,10
RED_37A,1.0,0.9,0.9474,10
RED_37B,0.8333,1.0,0.9091,10
RED_37C,0.9,0.9,0.9,10
RED_37D,0.8889,0.8,0.8421,10
RED_38A,1.0,0.9,0.9474,10
RED_38B,1.0,0.9,0.9474,10
RED_38C,1.0,0.7,0.8235,10
RED_38D,0.9,0.9,0.9,10
RED_39A,0.9,0.9,0.9,10
RED_39B,0.9,0.9,0.9,10
RED_39C,0.9,0.9,0.9,10
RED_39D,0.9,0.9,0.9,10
RED_40A,1.0,1.0,1.0,10
RED_40B,0.8,0.8,0.8,10
RED_40C,0.8,0.8,0.8,10
RED_40D,0.7143,1.0,0.8333,10
RED_41A,1.0,1.0,1.0,10
RED_41B,1.0,0.8,0.8889,10
RED_41C,1.0,1.0,1.0,10
RED_41D,0.9,0.9,0.9,10
RED_42A,1.0,1.0,1.0,10
RED_42B,0.8182,0.9,0.8571,10
RED_42C,0.9091,1.0,0.9524,10
RED_42D,0.9091,1.0,0.9524,10
RED_43A,1.0,1.0,1.0,10
RED_43B,1.0,1.0,1.0,10
RED_43C,1.0,1.0,1.0,10
RED_43D,0.8889,0.8,0.8421,10
RED_44A,1.0,1.0,1.0,10
RED_44B,0.9091,1.0,0.9524,10
RED_44C,0.8889,0.8,0.8421,10
RED_44D,0.9091,1.0,0.9524,10
RED_45A,1.0,1.0,1.0,10
RED_45B,1.0,1.0,1.0,10
RED_45C,1.0,1.0,1.0,10
RED_45D,1.0,0.9,0.9474,10
RED_46A,1.0,1.0,1.0,10
RED_46B,1.0,1.0,1.0,10
RED_46C,1.0,1.0,1.0,10
RED_46D,1.0,0.9,0.9474,10
RED_47A,1.0,1.0,1.0,10
RED_47B,1.0,1.0,1.0,10
RED_47C,1.0,0.9,0.9474,10
RED_47D,0.9091,1.0,0.9524,10
RED_48A,0.75,0.9,0.8182,10
RED_48B,1.0,0.9,0.9474,10
RED_48C,0.8182,0.9,0.8571,10
RED_48D,0.8,0.8,0.8,10
RED_49A,1.0,1.0,1.0,10
RED_49B,0.7143,1.0,0.8333,10
RED_49C,0.7,0.7,0.7,10
RED_49D,0.5333,0.8,0.64,10
RED_50A,0.9091,1.0,0.9524,10
RED_50B,0.8889,0.8,0.8421,10
RED_50C,1.0,0.9,0.9474,10
RED_50D,1.0,0.7,0.8235,10
RED_51A,1.0,0.9,0.9474,10
RED_51B,0.7143,1.0,0.8333,10
RED_51C,1.0,0.9,0.9474,10
RED_51D,0.7692,1.0,0.8696,10
RED_52A,0.9,0.9,0.9,10
RED_52B,0.9091,1.0,0.9524,10
RED_52C,0.9091,1.0,0.9524,10
RED_52D,1.0,0.8,0.8889,10
RED_53A,1.0,1.0,1.0,10
RED_53B,1.0,0.9,0.9474,10
RED_53C,1.0,1.0,1.0,10
RED_53D,1.0,0.8,0.8889,10
RED_54A,1.0,0.9,0.9474,10
RED_54B,0.9,0.9,0.9,10
RED_54C,1.0,1.0,1.0,10
RED_54D,1.0,1.0,1.0,10
RED_55A,0.7692,1.0,0.8696,10
RED_55B,0.9091,1.0,0.9524,10
RED_55C,1.0,1.0,1.0,10
RED_55D,0.7692,1.0,0.8696,10
RED_56A,1.0,0.9,0.9474,10
RED_56B,0.8333,0.5,0.625,10
RED_56C,0.6667,0.8,0.7273,10
RED_56D,0.8,0.8,0.8,10
VIOLETBLUE_90A,1.0,1.0,1.0,10
VIOLETBLUE_90B,1.0,1.0,1.0,10
VIOLETBLUE_90C,0.9091,1.0,0.9524,10
VIOLETBLUE_90D,1.0,1.0,1.0,10
VIOLETBLUE_91A,0.7143,1.0,0.8333,10
VIOLETBLUE_91B,0.8889,0.8,0.8421,10
VIOLETBLUE_91C,0.8889,0.8,0.8421,10
VIOLETBLUE_91D,1.0,0.9,0.9474,10
VIOLETBLUE_92A,0.5455,0.6,0.5714,10
VIOLETBLUE_92B,0.6,0.3,0.4,10
VIOLETBLUE_92C,0.4167,0.5,0.4545,10
VIOLETBLUE_92D,0.375,0.3,0.3333,10
VIOLETBLUE_93A,1.0,1.0,1.0,10
VIOLETBLUE_93B,1.0,1.0,1.0,10
VIOLETBLUE_93C,1.0,1.0,1.0,10
VIOLETBLUE_93D,0.9091,1.0,0.9524,10
VIOLETBLUE_94A,1.0,1.0,1.0,10
VIOLETBLUE_94B,1.0,1.0,1.0,10
VIOLETBLUE_94C,1.0,0.8,0.8889,10
VIOLETBLUE_94D,1.0,1.0,1.0,10
VIOLETBLUE_95A,0.8333,1.0,0.9091,10
VIOLETBLUE_95B,0.8889,0.8,0.8421,10
VIOLETBLUE_95C,1.0,1.0,1.0,10
VIOLETBLUE_95D,1.0,0.9,0.9474,10
VIOLETBLUE_96A,1.0,1.0,1.0,10
VIOLETBLUE_96B,1.0,0.9,0.9474,10
VIOLETBLUE_96C,0.9091,1.0,0.9524,10
VIOLETBLUE_96D,1.0,1.0,1.0,10
VIOLETBLUE_97A,1.0,1.0,1.0,10
VIOLETBLUE_97B,0.9091,1.0,0.9524,10
VIOLETBLUE_97C,0.8,0.8,0.8,10
VIOLETBLUE_97D,0.8182,0.9,0.8571,10
VIOLETBLUE_98A,1.0,1.0,1.0,10
VIOLETBLUE_98B,0.9091,1.0,0.9524,10
VIOLETBLUE_98C,0.9091,1.0,0.9524,10
VIOLETBLUE_98D,0.7143,1.0,0.8333,10
VIOLETBLUE_N89A,1.0,1.0,1.0,10
VIOLETBLUE_N89B,1.0,1.0,1.0,10
VIOLETBLUE_N89C,1.0,1.0,1.0,10
VIOLETBLUE_N89D,1.0,1.0,1.0,10
VIOLETBLUE_N92A,0.5556,0.5,0.5263,10
VIOLETBLUE_N92B,0.5,0.8,0.6154,10
VIOLETBLUE_N92C,0.3333,0.2,0.25,10
VIOLETBLUE_N92D,0.4,0.4,0.4,10
VIOLET_83A,1.0,1.0,1.0,10
VIOLET_83B,1.0,0.7,0.8235,10
VIOLET_83C,0.625,1.0,0.7692,10
VIOLET_83D,1.0,1.0,1.0,10
VIOLET_84A,0.875,0.7,0.7778,10
VIOLET_84B,1.0,0.9,0.9474,10
VIOLET_84C,1.0,0.9,0.9474,10
VIOLET_84D,0.8571,0.6,0.7059,10
VIOLET_85A,1.0,1.0,1.0,10
VIOLET_85B,0.9091,1.0,0.9524,10
VIOLET_85C,1.0,1.0,1.0,10
VIOLET_85D,0.7,0.7,0.7,10
VIOLET_86A,1.0,1.0,1.0,10
VIOLET_86B,0.9091,1.0,0.9524,10
VIOLET_86C,1.0,0.7,0.8235,10
VIOLET_86D,0.8889,0.8,0.8421,10
VIOLET_N87A,0.7778,0.7,0.7368,10
VIOLET_N87B,1.0,1.0,1.0,10
VIOLET_N87C,0.8182,0.9,0.8571,10
VIOLET_N87D,0.8,0.8,0.8,10
VIOLET_N88A,1.0,1.0,1.0,10
VIOLET_N88B,1.0,1.0,1.0,10
VIOLET_N88C,1.0,0.9,0.9474,10
VIOLET_N88D,0.8,0.8,0.8,10
WHITE_155A,0.8889,0.8,0.8421,10
WHITE_155B,0.8182,0.9,0.8571,10
WHITE_155C,0.875,0.7,0.7778,10
WHITE_155D,0.9,0.9,0.9,10
WHITE_NN155A,0.8,0.8,0.8,10
WHITE_NN155B,0.7273,0.8,0.7619,10
WHITE_NN155C,0.8182,0.9,0.8571,10
WHITE_NN155D,0.9091,1.0,0.9524,10
YELLOWGREEN_144A,1.0,0.9,0.9474,10
YELLOWGREEN_144B,0.9091,1.0,0.9524,10
YELLOWGREEN_144C,0.9091,1.0,0.9524,10
YELLOWGREEN_144D,0.75,0.9,0.8182,10
YELLOWGREEN_145A,0.9091,1.0,0.9524,10
YELLOWGREEN_145B,1.0,0.9,0.9474,10
YELLOWGREEN_145C,0.9,0.9,0.9,10
YELLOWGREEN_145D,0.8182,0.9,0.8571,10
YELLOWGREEN_146A,1.0,1.0,1.0,10
YELLOWGREEN_146B,1.0,1.0,1.0,10
YELLOWGREEN_146C,1.0,1.0,1.0,10
YELLOWGREEN_146D,0.9,0.9,0.9,10
YELLOWGREEN_147A,0.9091,1.0,0.9524,10
YELLOWGREEN_147B,0.9091,1.0,0.9524,10
YELLOWGREEN_147C,0.9091,1.0,0.9524,10
YELLOWGREEN_147D,0.7692,1.0,0.8696,10
YELLOWGREEN_148A,1.0,1.0,1.0,10
YELLOWGREEN_148B,1.0,0.8,0.8889,10
YELLOWGREEN_148C,1.0,1.0,1.0,10
YELLOWGREEN_148D,0.8333,1.0,0.9091,10
YELLOWGREEN_149A,1.0,0.9,0.9474,10
YELLOWGREEN_149B,1.0,1.0,1.0,10
YELLOWGREEN_149C,1.0,0.8,0.8889,10
YELLOWGREEN_149D,0.8,0.8,0.8,10
YELLOWGREEN_150A,0.9091,1.0,0.9524,10
YELLOWGREEN_150B,0.9091,1.0,0.9524,10
YELLOWGREEN_150C,0.75,0.9,0.8182,10
YELLOWGREEN_150D,0.8333,1.0,0.9091,10
YELLOWGREEN_151A,1.0,1.0,1.0,10
YELLOWGREEN_151B,0.8889,0.8,0.8421,10
YELLOWGREEN_151C,0.8182,0.9,0.8571,10
YELLOWGREEN_151D,0.9,0.9,0.9,10
YELLOWGREEN_152A,1.0,0.9,0.9474,10
YELLOWGREEN_152B,1.0,1.0,1.0,10
YELLOWGREEN_152C,0.9091,1.0,0.9524,10
YELLOWGREEN_152D,1.0,1.0,1.0,10
YELLOWGREEN_153A,1.0,1.0,1.0,10
YELLOWGREEN_153B,0.8182,0.9,0.8571,10
YELLOWGREEN_153C,1.0,0.8,0.8889,10
YELLOWGREEN_153D,0.9091,1.0,0.9524,10
YELLOWGREEN_154A,1.0,0.9,0.9474,10
YELLOWGREEN_154B,0.9,0.9,0.9,10
YELLOWGREEN_154C,1.0,0.9,0.9474,10
YELLOWGREEN_154D,0.9,0.9,0.9,10
YELLOWGREEN_N144A,1.0,1.0,1.0,10
YELLOWGREEN_N144B,1.0,0.9,0.9474,10
YELLOWGREEN_N144C,1.0,1.0,1.0,10
YELLOWGREEN_N144D,1.0,0.9,0.9474,10
YELLOWORANGE_14A,0.5455,0.6,0.5714,10
YELLOWORANGE_14B,0.9,0.9,0.9,10
YELLOWORANGE_14C,0.9,0.9,0.9,10
YELLOWORANGE_14D,0.7273,0.8,0.7619,10
YELLOWORANGE_15A,0.8889,0.8,0.8421,10
YELLOWORANGE_15B,1.0,0.8,0.8889,10
YELLOWORANGE_15C,0.9,0.9,0.9,10
YELLOWORANGE_15D,0.8182,0.9,0.8571,10
YELLOWORANGE_16A,0.9091,1.0,0.9524,10
YELLOWORANGE_16B,1.0,0.8,0.8889,10
YELLOWORANGE_16C,1.0,1.0,1.0,10
YELLOWORANGE_16D,0.7778,0.7,0.7368,10
YELLOWORANGE_17A,1.0,0.9,0.9474,10
YELLOWORANGE_17B,0.8889,0.8,0.8421,10
YELLOWORANGE_17C,0.9,0.9,0.9,10
YELLOWORANGE_17D,0.8333,1.0,0.9091,10
YELLOWORANGE_18A,0.9,0.9,0.9,10
YELLOWORANGE_18B,0.8889,0.8,0.8421,10
YELLOWORANGE_18C,0.9,0.9,0.9,10
YELLOWORANGE_18D,0.5833,0.7,0.6364,10
YELLOWORANGE_19A,0.8889,0.8,0.8421,10
YELLOWORANGE_19B,0.7273,0.8,0.7619,10
YELLOWORANGE_19C,0.75,0.6,0.6667,10
YELLOWORANGE_19D,1.0,0.6,0.75,10
YELLOWORANGE_20A,0.9,0.9,0.9,10
YELLOWORANGE_20B,0.8,0.8,0.8,10
YELLOWORANGE_20C,0.7143,1.0,0.8333,10
YELLOWORANGE_20D,0.7,0.7,0.7,10
YELLOWORANGE_21A,0.7778,0.7,0.7368,10
YELLOWORANGE_21B,0.9,0.9,0.9,10
YELLOWORANGE_21C,0.8333,1.0,0.9091,10
YELLOWORANGE_21D,0.9091,1.0,0.9524,10
YELLOWORANGE_22A,1.0,1.0,1.0,10
YELLOWORANGE_22B,0.8182,0.9,0.8571,10
YELLOWORANGE_22C,0.875,0.7,0.7778,10
YELLOWORANGE_22D,1.0,0.9,0.9474,10
YELLOWORANGE_23A,0.7692,1.0,0.8696,10
YELLOWORANGE_23B,0.8889,0.8,0.8421,10
YELLOWORANGE_23C,1.0,0.9,0.9474,10
YELLOWORANGE_23D,0.9091,1.0,0.9524,10
YELLOWWHITE_158A,0.8333,1.0,0.9091,10
YELLOWWHITE_158B,0.7778,0.7,0.7368,10
YELLOWWHITE_158C,0.8,0.8,0.8,10
YELLOWWHITE_158D,0.75,0.9,0.8182,10
YELLOW_10A,0.8,0.8,0.8,10
YELLOW_10B,0.8,0.8,0.8,10
YELLOW_10C,0.7778,0.7,0.7368,10
YELLOW_10D,0.75,0.6,0.6667,10
YELLOW_11A,1.0,0.9,0.9474,10
YELLOW_11B,0.6667,0.8,0.7273,10
YELLOW_11C,1.0,0.9,0.9474,10
YELLOW_11D,0.75,0.6,0.6667,10
YELLOW_12A,0.8,0.8,0.8,10
YELLOW_12B,0.625,0.5,0.5556,10
YELLOW_12C,0.6667,1.0,0.8,10
YELLOW_12D,1.0,0.5,0.6667,10
YELLOW_13A,1.0,0.8,0.8889,10
YELLOW_13B,0.75,0.9,0.8182,10
YELLOW_13C,0.6667,0.6,0.6316,10
YELLOW_13D,0.7778,0.7,0.7368,10
YELLOW_2A,1.0,0.9,0.9474,10
YELLOW_2B,0.8182,0.9,0.8571,10
YELLOW_2C,0.8,0.8,0.8,10
YELLOW_2D,0.8,0.8,0.8,10
YELLOW_3A,0.7778,0.7,0.7368,10
YELLOW_3B,0.5714,0.4,0.4706,10
YELLOW_3C,0.6923,0.9,0.7826,10
YELLOW_3D,0.5,0.6,0.5455,10
YELLOW_4A,0.6154,0.8,0.6957,10
YELLOW_4B,0.75,0.6,0.6667,10
YELLOW_4C,0.75,0.9,0.8182,10
YELLOW_4D,1.0,0.8,0.8889,10
YELLOW_5A,1.0,0.9,0.9474,10
YELLOW_5B,1.0,0.6,0.75,10
YELLOW_5C,1.0,0.9,0.9474,10
YELLOW_5D,0.7,0.7,0.7,10
YELLOW_6A,1.0,0.9,0.9474,10
YELLOW_6B,0.7273,0.8,0.7619,10
YELLOW_6C,0.75,0.9,0.8182,10
YELLOW_6D,0.75,0.9,0.8182,10
YELLOW_7A,1.0,1.0,1.0,10
YELLOW_7B,1.0,1.0,1.0,10
YELLOW_7C,1.0,0.8,0.8889,10
YELLOW_7D,0.9091,1.0,0.9524,10
YELLOW_8A,0.8182,0.9,0.8571,10
YELLOW_8B,0.6667,0.6,0.6316,10
YELLOW_8C,0.7778,0.7,0.7368,10
YELLOW_8D,0.75,0.9,0.8182,10
YELLOW_9A,0.8,0.8,0.8,10
YELLOW_9B,0.7273,0.8,0.7619,10
YELLOW_9C,0.6667,0.8,0.7273,10
YELLOW_9D,0.5455,0.6,0.5714,10
